t;x;vx;y;vy
0.0000;0.0000;-0.0723;100.0000;0.0000
0.0100;-0.0007;-0.0722;99.9995;-0.0980
0.0200;-0.0014;-0.0720;99.9980;-0.1960
0.0300;-0.0022;-0.0718;99.9956;-0.2940
0.0400;-0.0029;-0.0714;99.9922;-0.3920
0.0500;-0.0036;-0.0709;99.9877;-0.4900
0.0600;-0.0043;-0.0703;99.9824;-0.5880
0.0700;-0.0050;-0.0696;99.9760;-0.6859
0.0800;-0.0057;-0.0688;99.9686;-0.7838
0.0900;-0.0064;-0.0679;99.9603;-0.8817
0.1000;-0.0070;-0.0669;99.9510;-0.9796
0.1100;-0.0077;-0.0658;99.9407;-1.0774
0.1200;-0.0084;-0.0646;99.9295;-1.1751
0.1300;-0.0090;-0.0633;99.9172;-1.2728
0.1400;-0.0096;-0.0618;99.9040;-1.3705
0.1500;-0.0102;-0.0603;99.8898;-1.4681
0.1600;-0.0108;-0.0586;99.8746;-1.5656
0.1700;-0.0114;-0.0569;99.8585;-1.6631
0.1800;-0.0120;-0.0550;99.8414;-1.7605
0.1900;-0.0125;-0.0531;99.8233;-1.8579
0.2000;-0.0130;-0.0510;99.8042;-1.9552
0.2100;-0.0135;-0.0488;99.7842;-2.0523
0.2200;-0.0140;-0.0465;99.7632;-2.1495
0.2300;-0.0145;-0.0441;99.7412;-2.2465
0.2400;-0.0149;-0.0416;99.7182;-2.3434
0.2500;-0.0153;-0.0390;99.6943;-2.4403
0.2600;-0.0157;-0.0363;99.6694;-2.5370
0.2700;-0.0160;-0.0335;99.6436;-2.6336
0.2800;-0.0163;-0.0306;99.6168;-2.7302
0.2900;-0.0166;-0.0276;99.5890;-2.8266
0.3000;-0.0169;-0.0245;99.5602;-2.9229
0.3100;-0.0171;-0.0213;99.5305;-3.0191
0.3200;-0.0173;-0.0179;99.4999;-3.1152
0.3300;-0.0175;-0.0145;99.4682;-3.2111
0.3400;-0.0176;-0.0110;99.4356;-3.3070
0.3500;-0.0177;-0.0073;99.4021;-3.4027
0.3600;-0.0178;-0.0036;99.3676;-3.4982
0.3700;-0.0178;0.0003;99.3321;-3.5937
0.3800;-0.0177;0.0042;99.2957;-3.6889
0.3900;-0.0177;0.0083;99.2583;-3.7841
0.4000;-0.0176;0.0125;99.2200;-3.8791
0.4100;-0.0174;0.0167;99.1808;-3.9739
0.4200;-0.0172;0.0211;99.1405;-4.0686
0.4300;-0.0170;0.0256;99.0994;-4.1631
0.4400;-0.0167;0.0301;99.0573;-4.2575
0.4500;-0.0164;0.0348;99.0142;-4.3517
0.4600;-0.0160;0.0396;98.9703;-4.4457
0.4700;-0.0156;0.0445;98.9253;-4.5395
0.4800;-0.0151;0.0494;98.8795;-4.6332
0.4900;-0.0146;0.0545;98.8327;-4.7267
0.5000;-0.0141;0.0597;98.7849;-4.8200
0.5100;-0.0134;0.0650;98.7363;-4.9132
0.5200;-0.0128;0.0704;98.6867;-5.0061
0.5300;-0.0120;0.0759;98.6361;-5.0989
0.5400;-0.0112;0.0814;98.5847;-5.1914
0.5500;-0.0104;0.0871;98.5323;-5.2838
0.5600;-0.0095;0.0929;98.4790;-5.3759
0.5700;-0.0085;0.0988;98.4248;-5.4679
0.5800;-0.0075;0.1048;98.3697;-5.5596
0.5900;-0.0064;0.1109;98.3136;-5.6512
0.6000;-0.0053;0.1171;98.2566;-5.7425
0.6100;-0.0041;0.1233;98.1988;-5.8336
0.6200;-0.0028;0.1297;98.1400;-5.9245
0.6300;-0.0015;0.1362;98.0803;-6.0152
0.6400;-0.0001;0.1428;98.0197;-6.1056
0.6500;0.0014;0.1495;97.9582;-6.1958
0.6600;0.0029;0.1562;97.8957;-6.2858
0.6700;0.0045;0.1631;97.8324;-6.3756
0.6800;0.0061;0.1701;97.7682;-6.4651
0.6900;0.0079;0.1771;97.7031;-6.5543
0.7000;0.0097;0.1843;97.6371;-6.6434
0.7100;0.0116;0.1915;97.5703;-6.7322
0.7200;0.0135;0.1989;97.5025;-6.8207
0.7300;0.0155;0.2063;97.4339;-6.9090
0.7400;0.0176;0.2139;97.3643;-6.9971
0.7500;0.0198;0.2215;97.2939;-7.0849
0.7600;0.0221;0.2292;97.2226;-7.1724
0.7700;0.0244;0.2371;97.1505;-7.2597
0.7800;0.0268;0.2450;97.0774;-7.3467
0.7900;0.0293;0.2530;97.0035;-7.4335
0.8000;0.0319;0.2611;96.9288;-7.5200
0.8100;0.0345;0.2693;96.8531;-7.6062
0.8200;0.0373;0.2776;96.7766;-7.6921
0.8300;0.0401;0.2860;96.6993;-7.7778
0.8400;0.0430;0.2945;96.6211;-7.8632
0.8500;0.0460;0.3030;96.5420;-7.9484
0.8600;0.0490;0.3117;96.4621;-8.0332
0.8700;0.0522;0.3204;96.3814;-8.1178
0.8800;0.0555;0.3293;96.2998;-8.2021
0.8900;0.0588;0.3382;96.2173;-8.2861
0.9000;0.0622;0.3472;96.1340;-8.3698
0.9100;0.0657;0.3563;96.0499;-8.4533
0.9200;0.0693;0.3655;95.9650;-8.5364
0.9300;0.0730;0.3748;95.8792;-8.6193
0.9400;0.0768;0.3842;95.7926;-8.7018
0.9500;0.0807;0.3936;95.7052;-8.7841
0.9600;0.0847;0.4032;95.6169;-8.8661
0.9700;0.0888;0.4128;95.5278;-8.9478
0.9800;0.0930;0.4225;95.4380;-9.0291
0.9900;0.0972;0.4324;95.3473;-9.1102
1.0000;0.1016;0.4423;95.2558;-9.1910
1.0100;0.1061;0.4522;95.1634;-9.2715
1.0200;0.1107;0.4623;95.0703;-9.3516
1.0300;0.1153;0.4725;94.9764;-9.4315
1.0400;0.1201;0.4827;94.8817;-9.5110
1.0500;0.1250;0.4930;94.7862;-9.5902
1.0600;0.1300;0.5034;94.6899;-9.6692
1.0700;0.1351;0.5139;94.5928;-9.7478
1.0800;0.1402;0.5245;94.4949;-9.8261
1.0900;0.1455;0.5351;94.3963;-9.9041
1.1000;0.1510;0.5459;94.2969;-9.9817
1.1100;0.1565;0.5567;94.1967;-10.0591
1.1200;0.1621;0.5676;94.0957;-10.1361
1.1300;0.1678;0.5786;93.9939;-10.2128
1.1400;0.1737;0.5896;93.8914;-10.2892
1.1500;0.1796;0.6008;93.7882;-10.3653
1.1600;0.1857;0.6120;93.6841;-10.4410
1.1700;0.1918;0.6233;93.5793;-10.5165
1.1800;0.1981;0.6347;93.4738;-10.5916
1.1900;0.2045;0.6461;93.3675;-10.6663
1.2000;0.2111;0.6576;93.2605;-10.7408
1.2100;0.2177;0.6693;93.1527;-10.8149
1.2200;0.2244;0.6809;93.0442;-10.8887
1.2300;0.2313;0.6927;92.9349;-10.9622
1.2400;0.2383;0.7045;92.8249;-11.0353
1.2500;0.2454;0.7165;92.7142;-11.1081
1.2600;0.2526;0.7284;92.6028;-11.1806
1.2700;0.2600;0.7405;92.4906;-11.2527
1.2800;0.2674;0.7527;92.3777;-11.3245
1.2900;0.2750;0.7649;92.2641;-11.3960
1.3000;0.2827;0.7772;92.1498;-11.4672
1.3100;0.2906;0.7895;92.0348;-11.5380
1.3200;0.2985;0.8020;91.9190;-11.6085
1.3300;0.3066;0.8145;91.8026;-11.6786
1.3400;0.3148;0.8270;91.6855;-11.7484
1.3500;0.3232;0.8397;91.5676;-11.8179
1.3600;0.3316;0.8524;91.4491;-11.8871
1.3700;0.3402;0.8652;91.3299;-11.9559
1.3800;0.3489;0.8780;91.2100;-12.0244
1.3900;0.3578;0.8910;91.0894;-12.0925
1.4000;0.3667;0.9040;90.9681;-12.1603
1.4100;0.3758;0.9170;90.8462;-12.2278
1.4200;0.3851;0.9302;90.7236;-12.2949
1.4300;0.3944;0.9434;90.6003;-12.3617
1.4400;0.4039;0.9566;90.4764;-12.4282
1.4500;0.4136;0.9700;90.3517;-12.4943
1.4600;0.4233;0.9834;90.2265;-12.5601
1.4700;0.4332;0.9968;90.1005;-12.6256
1.4800;0.4433;1.0104;89.9740;-12.6907
1.4900;0.4535;1.0240;89.8467;-12.7555
1.5000;0.4638;1.0376;89.7189;-12.8199
1.5100;0.4742;1.0514;89.5903;-12.8840
1.5200;0.4848;1.0651;89.4612;-12.9478
1.5300;0.4955;1.0790;89.3314;-13.0113
1.5400;0.5064;1.0929;89.2009;-13.0744
1.5500;0.5174;1.1069;89.0699;-13.1372
1.5600;0.5285;1.1209;88.9382;-13.1996
1.5700;0.5398;1.1350;88.8059;-13.2617
1.5800;0.5512;1.1492;88.6730;-13.3235
1.5900;0.5628;1.1634;88.5394;-13.3849
1.6000;0.5745;1.1777;88.4053;-13.4460
1.6100;0.5863;1.1920;88.2705;-13.5068
1.6200;0.5983;1.2064;88.1351;-13.5672
1.6300;0.6105;1.2209;87.9992;-13.6273
1.6400;0.6227;1.2354;87.8626;-13.6871
1.6500;0.6352;1.2499;87.7254;-13.7465
1.6600;0.6477;1.2646;87.5877;-13.8057
1.6700;0.6604;1.2792;87.4493;-13.8644
1.6800;0.6733;1.2940;87.3104;-13.9229
1.6900;0.6863;1.3088;87.1709;-13.9810
1.7000;0.6995;1.3236;87.0308;-14.0388
1.7100;0.7128;1.3385;86.8901;-14.0963
1.7200;0.7263;1.3535;86.7488;-14.1534
1.7300;0.7399;1.3685;86.6070;-14.2102
1.7400;0.7536;1.3835;86.4646;-14.2667
1.7500;0.7675;1.3986;86.3217;-14.3229
1.7600;0.7816;1.4138;86.1782;-14.3787
1.7700;0.7958;1.4290;86.0341;-14.4342
1.7800;0.8102;1.4443;85.8895;-14.4894
1.7900;0.8247;1.4596;85.7443;-14.5443
1.8000;0.8394;1.4750;85.5986;-14.5988
1.8100;0.8542;1.4904;85.4523;-14.6531
1.8200;0.8692;1.5058;85.3055;-14.7070
1.8300;0.8843;1.5214;85.1582;-14.7606
1.8400;0.8996;1.5369;85.0103;-14.8138
1.8500;0.9151;1.5525;84.8619;-14.8668
1.8600;0.9307;1.5682;84.7130;-14.9194
1.8700;0.9464;1.5839;84.5635;-14.9717
1.8800;0.9623;1.5996;84.4136;-15.0237
1.8900;0.9784;1.6154;84.2631;-15.0754
1.9000;0.9946;1.6313;84.1121;-15.1268
1.9100;1.0110;1.6472;83.9605;-15.1779
1.9200;1.0276;1.6631;83.8085;-15.2286
1.9300;1.0443;1.6790;83.6560;-15.2791
1.9400;1.0612;1.6951;83.5029;-15.3292
1.9500;1.0782;1.7111;83.3494;-15.3790
1.9600;1.0954;1.7272;83.1953;-15.4285
1.9700;1.1127;1.7434;83.0408;-15.4777
1.9800;1.1303;1.7595;82.8858;-15.5266
1.9900;1.1479;1.7758;82.7303;-15.5752
2.0000;1.1658;1.7920;82.5743;-15.6235
2.0100;1.1838;1.8083;82.4178;-15.6715
2.0200;1.2019;1.8247;82.2609;-15.7192
2.0300;1.2203;1.8411;82.1034;-15.7666
2.0400;1.2388;1.8575;81.9455;-15.8137
2.0500;1.2574;1.8739;81.7872;-15.8605
2.0600;1.2762;1.8904;81.6283;-15.9070
2.0700;1.2952;1.9070;81.4690;-15.9532
2.0800;1.3144;1.9235;81.3092;-15.9991
2.0900;1.3337;1.9401;81.1490;-16.0447
2.1000;1.3532;1.9568;80.9884;-16.0901
2.1100;1.3728;1.9735;80.8272;-16.1351
2.1200;1.3927;1.9902;80.6657;-16.1799
2.1300;1.4126;2.0069;80.5036;-16.2243
2.1400;1.4328;2.0237;80.3412;-16.2685
2.1500;1.4531;2.0405;80.1783;-16.3124
2.1600;1.4736;2.0573;80.0149;-16.3560
2.1700;1.4943;2.0742;79.8511;-16.3993
2.1800;1.5151;2.0911;79.6869;-16.4423
2.1900;1.5361;2.1081;79.5223;-16.4850
2.2000;1.5573;2.1250;79.3572;-16.5275
2.2100;1.5786;2.1421;79.1918;-16.5697
2.2200;1.6001;2.1591;79.0258;-16.6116
2.2300;1.6218;2.1761;78.8595;-16.6532
2.2400;1.6436;2.1932;78.6928;-16.6946
2.2500;1.6656;2.2104;78.5256;-16.7357
2.2600;1.6878;2.2275;78.3581;-16.7765
2.2700;1.7102;2.2447;78.1901;-16.8170
2.2800;1.7327;2.2619;78.0217;-16.8573
2.2900;1.7554;2.2791;77.8530;-16.8973
2.3000;1.7783;2.2964;77.6838;-16.9370
2.3100;1.8014;2.3137;77.5142;-16.9765
2.3200;1.8246;2.3310;77.3443;-17.0157
2.3300;1.8480;2.3483;77.1739;-17.0546
2.3400;1.8715;2.3657;77.0032;-17.0933
2.3500;1.8953;2.3831;76.8320;-17.1317
2.3600;1.9192;2.4005;76.6605;-17.1699
2.3700;1.9433;2.4179;76.4886;-17.2078
2.3800;1.9676;2.4354;76.3164;-17.2454
2.3900;1.9920;2.4528;76.1437;-17.2828
2.4000;2.0166;2.4703;75.9707;-17.3199
2.4100;2.0414;2.4879;75.7973;-17.3568
2.4200;2.0664;2.5054;75.6236;-17.3934
2.4300;2.0915;2.5230;75.4495;-17.4298
2.4400;2.1168;2.5405;75.2750;-17.4659
2.4500;2.1423;2.5581;75.1001;-17.5018
2.4600;2.1680;2.5758;74.9250;-17.5374
2.4700;2.1938;2.5934;74.7494;-17.5728
2.4800;2.2199;2.6111;74.5735;-17.6079
2.4900;2.2461;2.6288;74.3972;-17.6428
2.5000;2.2724;2.6465;74.2206;-17.6775
2.5100;2.2990;2.6642;74.0437;-17.7119
2.5200;2.3257;2.6819;73.8664;-17.7461
2.5300;2.3526;2.6997;73.6888;-17.7800
2.5400;2.3797;2.7174;73.5108;-17.8137
2.5500;2.4070;2.7352;73.3325;-17.8472
2.5600;2.4344;2.7530;73.1539;-17.8804
2.5700;2.4620;2.7708;72.9749;-17.9134
2.5800;2.4898;2.7886;72.7956;-17.9461
2.5900;2.5178;2.8065;72.6160;-17.9787
2.6000;2.5460;2.8243;72.4360;-18.0110
2.6100;2.5743;2.8422;72.2558;-18.0431
2.6200;2.6028;2.8601;72.0752;-18.0749
2.6300;2.6315;2.8780;71.8943;-18.1065
2.6400;2.6604;2.8959;71.7130;-18.1380
2.6500;2.6894;2.9138;71.5315;-18.1691
2.6600;2.7186;2.9317;71.3497;-18.2001
2.6700;2.7481;2.9497;71.1675;-18.2308
2.6800;2.7776;2.9676;70.9850;-18.2614
2.6900;2.8074;2.9856;70.8023;-18.2917
2.7000;2.8374;3.0036;70.6192;-18.3218
2.7100;2.8675;3.0216;70.4358;-18.3517
2.7200;2.8978;3.0396;70.2522;-18.3813
2.7300;2.9283;3.0576;70.0682;-18.4108
2.7400;2.9589;3.0756;69.8840;-18.4400
2.7500;2.9898;3.0936;69.6994;-18.4691
2.7600;3.0208;3.1116;69.5146;-18.4979
2.7700;3.0520;3.1296;69.3295;-18.5265
2.7800;3.0834;3.1477;69.1440;-18.5549
2.7900;3.1150;3.1657;68.9584;-18.5831
2.8000;3.1467;3.1838;68.7724;-18.6112
2.8100;3.1786;3.2018;68.5861;-18.6390
2.8200;3.2108;3.2199;68.3996;-18.6666
2.8300;3.2430;3.2380;68.2128;-18.6940
2.8400;3.2755;3.2560;68.0257;-18.7212
2.8500;3.3082;3.2741;67.8384;-18.7482
2.8600;3.3410;3.2922;67.6508;-18.7750
2.8700;3.3740;3.3103;67.4629;-18.8017
2.8800;3.4072;3.3284;67.2747;-18.8281
2.8900;3.4406;3.3465;67.0863;-18.8543
2.9000;3.4741;3.3646;66.8976;-18.8804
2.9100;3.5079;3.3827;66.7087;-18.9063
2.9200;3.5418;3.4008;66.5195;-18.9319
2.9300;3.5759;3.4189;66.3301;-18.9574
2.9400;3.6102;3.4370;66.1404;-18.9827
2.9500;3.6446;3.4551;65.9504;-19.0079
2.9600;3.6793;3.4732;65.7602;-19.0328
2.9700;3.7141;3.4913;65.5698;-19.0576
2.9800;3.7491;3.5094;65.3791;-19.0821
2.9900;3.7843;3.5275;65.1881;-19.1065
3.0000;3.8196;3.5456;64.9969;-19.1308
3.0100;3.8552;3.5637;64.8055;-19.1548
3.0200;3.8909;3.5818;64.6138;-19.1787
3.0300;3.9268;3.5999;64.4219;-19.2024
3.0400;3.9629;3.6180;64.2298;-19.2259
3.0500;3.9992;3.6361;64.0374;-19.2492
3.0600;4.0356;3.6542;63.8448;-19.2724
3.0700;4.0723;3.6723;63.6520;-19.2954
3.0800;4.1091;3.6903;63.4589;-19.3183
3.0900;4.1461;3.7084;63.2656;-19.3410
3.1000;4.1832;3.7265;63.0721;-19.3635
3.1100;4.2206;3.7446;62.8783;-19.3858
3.1200;4.2581;3.7626;62.6844;-19.4080
3.1300;4.2958;3.7807;62.4902;-19.4300
3.1400;4.3337;3.7988;62.2958;-19.4519
3.1500;4.3718;3.8168;62.1011;-19.4735
3.1600;4.4101;3.8349;61.9063;-19.4951
3.1700;4.4485;3.8529;61.7112;-19.5165
3.1800;4.4871;3.8709;61.5160;-19.5377
3.1900;4.5259;3.8890;61.3205;-19.5587
3.2000;4.5649;3.9070;61.1248;-19.5796
3.2100;4.6041;3.9250;60.9289;-19.6004
3.2200;4.6434;3.9430;60.7328;-19.6210
3.2300;4.6829;3.9610;60.5365;-19.6415
3.2400;4.7226;3.9790;60.3400;-19.6618
3.2500;4.7625;3.9970;60.1432;-19.6819
3.2600;4.8026;4.0149;59.9463;-19.7019
3.2700;4.8428;4.0329;59.7492;-19.7218
3.2800;4.8832;4.0509;59.5519;-19.7415
3.2900;4.9238;4.0688;59.3544;-19.7610
3.3000;4.9646;4.0867;59.1567;-19.7804
3.3100;5.0056;4.1047;58.9588;-19.7997
3.3200;5.0467;4.1226;58.7607;-19.8189
3.3300;5.0880;4.1405;58.5624;-19.8378
3.3400;5.1295;4.1584;58.3639;-19.8567
3.3500;5.1712;4.1762;58.1653;-19.8754
3.3600;5.2130;4.1941;57.9664;-19.8940
3.3700;5.2551;4.2120;57.7674;-19.9124
3.3800;5.2973;4.2298;57.5682;-19.9307
3.3900;5.3397;4.2476;57.3688;-19.9489
3.4000;5.3822;4.2655;57.1692;-19.9669
3.4100;5.4250;4.2833;56.9694;-19.9848
3.4200;5.4679;4.3011;56.7695;-20.0026
3.4300;5.5110;4.3189;56.5694;-20.0202
3.4400;5.5543;4.3366;56.3691;-20.0377
3.4500;5.5977;4.3544;56.1686;-20.0551
3.4600;5.6414;4.3721;55.9680;-20.0723
3.4700;5.6852;4.3898;55.7672;-20.0895
3.4800;5.7292;4.4076;55.5662;-20.1064
3.4900;5.7733;4.4253;55.3650;-20.1233
3.5000;5.8177;4.4429;55.1637;-20.1401
3.5100;5.8622;4.4606;54.9622;-20.1567
3.5200;5.9069;4.4782;54.7606;-20.1732
3.5300;5.9517;4.4959;54.5588;-20.1895
3.5400;5.9968;4.5135;54.3568;-20.2058
3.5500;6.0420;4.5311;54.1547;-20.2219
3.5600;6.0874;4.5487;53.9524;-20.2379
3.5700;6.1330;4.5663;53.7499;-20.2538
3.5800;6.1787;4.5838;53.5473;-20.2696
3.5900;6.2247;4.6013;53.3445;-20.2853
3.6000;6.2708;4.6189;53.1416;-20.3008
3.6100;6.3170;4.6364;52.9385;-20.3163
3.6200;6.3635;4.6538;52.7353;-20.3316
3.6300;6.4101;4.6713;52.5319;-20.3468
3.6400;6.4569;4.6888;52.3283;-20.3619
3.6500;6.5039;4.7062;52.1246;-20.3769
3.6600;6.5510;4.7236;51.9208;-20.3917
3.6700;6.5984;4.7410;51.7168;-20.4065
3.6800;6.6459;4.7584;51.5127;-20.4211
3.6900;6.6935;4.7757;51.3084;-20.4357
3.7000;6.7414;4.7930;51.1039;-20.4501
3.7100;6.7894;4.8104;50.8994;-20.4645
3.7200;6.8376;4.8277;50.6947;-20.4787
3.7300;6.8859;4.8449;50.4898;-20.4928
3.7400;6.9345;4.8622;50.2848;-20.5068
3.7500;6.9832;4.8794;50.0797;-20.5207
3.7600;7.0321;4.8966;49.8744;-20.5345
3.7700;7.0811;4.9138;49.6690;-20.5483
3.7800;7.1303;4.9310;49.4634;-20.5619
3.7900;7.1797;4.9481;49.2577;-20.5754
3.8000;7.2293;4.9653;49.0519;-20.5888
3.8100;7.2790;4.9824;48.8460;-20.6021
3.8200;7.3290;4.9994;48.6399;-20.6153
3.8300;7.3790;5.0165;48.4337;-20.6284
3.8400;7.4293;5.0335;48.2273;-20.6415
3.8500;7.4797;5.0506;48.0208;-20.6544
3.8600;7.5303;5.0676;47.8142;-20.6672
3.8700;7.5811;5.0845;47.6075;-20.6799
3.8800;7.6320;5.1015;47.4006;-20.6926
3.8900;7.6831;5.1184;47.1936;-20.7051
3.9000;7.7344;5.1353;46.9865;-20.7176
3.9100;7.7858;5.1522;46.7793;-20.7300
3.9200;7.8374;5.1690;46.5719;-20.7423
3.9300;7.8892;5.1859;46.3644;-20.7544
3.9400;7.9411;5.2027;46.1568;-20.7665
3.9500;7.9932;5.2195;45.9491;-20.7786
3.9600;8.0455;5.2362;45.7413;-20.7905
3.9700;8.0980;5.2530;45.5333;-20.8023
3.9800;8.1506;5.2697;45.3252;-20.8141
3.9900;8.2033;5.2864;45.1170;-20.8257
4.0000;8.2563;5.3030;44.9087;-20.8373
4.0100;8.3094;5.3197;44.7003;-20.8488
4.0200;8.3627;5.3363;44.4917;-20.8602
4.0300;8.4161;5.3529;44.2831;-20.8716
4.0400;8.4697;5.3694;44.0743;-20.8828
4.0500;8.5235;5.3859;43.8654;-20.8940
4.0600;8.5775;5.4025;43.6564;-20.9051
4.0700;8.6316;5.4189;43.4473;-20.9161
4.0800;8.6858;5.4354;43.2381;-20.9270
4.0900;8.7403;5.4518;43.0288;-20.9378
4.1000;8.7949;5.4682;42.8193;-20.9486
4.1100;8.8496;5.4846;42.6098;-20.9593
4.1200;8.9046;5.5010;42.4001;-20.9699
4.1300;8.9597;5.5173;42.1904;-20.9805
4.1400;9.0149;5.5336;41.9805;-20.9909
4.1500;9.0703;5.5499;41.7706;-21.0013
4.1600;9.1259;5.5661;41.5605;-21.0116
4.1700;9.1817;5.5823;41.3503;-21.0218
4.1800;9.2376;5.5985;41.1401;-21.0320
4.1900;9.2936;5.6147;40.9297;-21.0421
4.2000;9.3499;5.6308;40.7192;-21.0521
4.2100;9.4062;5.6469;40.5087;-21.0621
4.2200;9.4628;5.6630;40.2980;-21.0719
4.2300;9.5195;5.6790;40.0872;-21.0817
4.2400;9.5764;5.6951;39.8764;-21.0915
4.2500;9.6334;5.7110;39.6654;-21.1011
4.2600;9.6906;5.7270;39.4543;-21.1107
4.2700;9.7479;5.7429;39.2432;-21.1203
4.2800;9.8055;5.7589;39.0319;-21.1297
4.2900;9.8631;5.7747;38.8206;-21.1391
4.3000;9.9209;5.7906;38.6091;-21.1484
4.3100;9.9789;5.8064;38.3976;-21.1577
4.3200;10.0371;5.8222;38.1860;-21.1669
4.3300;10.0954;5.8380;37.9743;-21.1760
4.3400;10.1538;5.8537;37.7625;-21.1851
4.3500;10.2124;5.8694;37.5506;-21.1941
4.3600;10.2712;5.8851;37.3386;-21.2030
4.3700;10.3301;5.9007;37.1265;-21.2119
4.3800;10.3892;5.9163;36.9144;-21.2207
4.3900;10.4485;5.9319;36.7021;-21.2294
4.4000;10.5079;5.9475;36.4898;-21.2381
4.4100;10.5674;5.9630;36.2773;-21.2467
4.4200;10.6271;5.9785;36.0648;-21.2553
4.4300;10.6870;5.9940;35.8522;-21.2638
4.4400;10.7470;6.0094;35.6396;-21.2722
4.4500;10.8072;6.0248;35.4268;-21.2806
4.4600;10.8675;6.0402;35.2139;-21.2890
4.4700;10.9280;6.0555;35.0010;-21.2972
4.4800;10.9886;6.0709;34.7880;-21.3054
4.4900;11.0494;6.0861;34.5749;-21.3136
4.5000;11.1103;6.1014;34.3617;-21.3217
4.5100;11.1714;6.1166;34.1485;-21.3297
4.5200;11.2327;6.1318;33.9351;-21.3377
4.5300;11.2941;6.1470;33.7217;-21.3456
4.5400;11.3556;6.1621;33.5082;-21.3535
4.5500;11.4173;6.1772;33.2946;-21.3613
4.5600;11.4792;6.1923;33.0810;-21.3691
4.5700;11.5412;6.2073;32.8673;-21.3768
4.5800;11.6033;6.2223;32.6535;-21.3844
4.5900;11.6656;6.2373;32.4396;-21.3920
4.6000;11.7281;6.2522;32.2256;-21.3996
4.6100;11.7906;6.2671;32.0116;-21.4071
4.6200;11.8534;6.2820;31.7975;-21.4145
4.6300;11.9163;6.2969;31.5833;-21.4219
4.6400;11.9793;6.3117;31.3690;-21.4292
4.6500;12.0425;6.3265;31.1547;-21.4365
4.6600;12.1059;6.3412;30.9403;-21.4438
4.6700;12.1693;6.3560;30.7258;-21.4509
4.6800;12.2330;6.3706;30.5113;-21.4581
4.6900;12.2968;6.3853;30.2967;-21.4652
4.7000;12.3607;6.3999;30.0820;-21.4722
4.7100;12.4248;6.4145;29.8672;-21.4792
4.7200;12.4890;6.4291;29.6524;-21.4862
4.7300;12.5533;6.4436;29.4375;-21.4931
4.7400;12.6178;6.4581;29.2225;-21.4999
4.7500;12.6825;6.4726;29.0075;-21.5067
4.7600;12.7473;6.4870;28.7924;-21.5135
4.7700;12.8122;6.5014;28.5772;-21.5202
4.7800;12.8773;6.5158;28.3620;-21.5269
4.7900;12.9426;6.5301;28.1467;-21.5335
4.8000;13.0079;6.5444;27.9313;-21.5401
4.8100;13.0734;6.5587;27.7159;-21.5466
4.8200;13.1391;6.5729;27.5004;-21.5531
4.8300;13.2049;6.5871;27.2848;-21.5595
4.8400;13.2708;6.6013;27.0692;-21.5659
4.8500;13.3369;6.6154;26.8535;-21.5723
4.8600;13.4032;6.6295;26.6378;-21.5786
4.8700;13.4695;6.6436;26.4220;-21.5849
4.8800;13.5360;6.6576;26.2061;-21.5911
4.8900;13.6027;6.6716;25.9901;-21.5973
4.9000;13.6695;6.6856;25.7741;-21.6034
4.9100;13.7364;6.6995;25.5581;-21.6096
4.9200;13.8034;6.7134;25.3419;-21.6156
4.9300;13.8707;6.7273;25.1257;-21.6216
4.9400;13.9380;6.7412;24.9095;-21.6276
4.9500;14.0055;6.7550;24.6932;-21.6336
4.9600;14.0731;6.7687;24.4768;-21.6395
4.9700;14.1408;6.7825;24.2604;-21.6453
4.9800;14.2087;6.7962;24.0439;-21.6512
4.9900;14.2768;6.8099;23.8274;-21.6570
5.0000;14.3449;6.8235;23.6108;-21.6627
5.0100;14.4132;6.8371;23.3941;-21.6684
5.0200;14.4817;6.8507;23.1774;-21.6741
5.0300;14.5503;6.8642;22.9606;-21.6797
5.0400;14.6190;6.8777;22.7438;-21.6853
5.0500;14.6878;6.8912;22.5269;-21.6909
5.0600;14.7568;6.9047;22.3100;-21.6964
5.0700;14.8259;6.9181;22.0930;-21.7019
5.0800;14.8952;6.9314;21.8760;-21.7074
5.0900;14.9645;6.9448;21.6589;-21.7128
5.1000;15.0340;6.9581;21.4417;-21.7182
5.1100;15.1037;6.9714;21.2245;-21.7235
5.1200;15.1735;6.9846;21.0072;-21.7288
5.1300;15.2434;6.9978;20.7899;-21.7341
5.1400;15.3134;7.0110;20.5726;-21.7394
5.1500;15.3836;7.0241;20.3551;-21.7446
5.1600;15.4539;7.0372;20.1377;-21.7498
5.1700;15.5243;7.0503;19.9201;-21.7549
5.1800;15.5949;7.0633;19.7026;-21.7600
5.1900;15.6656;7.0763;19.4849;-21.7651
5.2000;15.7364;7.0893;19.2673;-21.7701
5.2100;15.8074;7.1023;19.0495;-21.7751
5.2200;15.8785;7.1152;18.8318;-21.7801
5.2300;15.9497;7.1280;18.6139;-21.7851
5.2400;16.0211;7.1409;18.3961;-21.7900
5.2500;16.0925;7.1537;18.1781;-21.7949
5.2600;16.1641;7.1664;17.9602;-21.7997
5.2700;16.2359;7.1792;17.7421;-21.8045
5.2800;16.3077;7.1919;17.5241;-21.8093
5.2900;16.3797;7.2045;17.3060;-21.8141
5.3000;16.4518;7.2172;17.0878;-21.8188
5.3100;16.5240;7.2298;16.8696;-21.8235
5.3200;16.5964;7.2424;16.6513;-21.8282
5.3300;16.6689;7.2549;16.4330;-21.8328
5.3400;16.7415;7.2674;16.2147;-21.8375
5.3500;16.8142;7.2799;15.9963;-21.8420
5.3600;16.8871;7.2923;15.7778;-21.8466
5.3700;16.9601;7.3047;15.5593;-21.8511
5.3800;17.0332;7.3171;15.3408;-21.8556
5.3900;17.1064;7.3294;15.1222;-21.8601
5.4000;17.1798;7.3417;14.9036;-21.8645
5.4100;17.2532;7.3540;14.6849;-21.8689
5.4200;17.3268;7.3662;14.4662;-21.8733
5.4300;17.4006;7.3784;14.2475;-21.8777
5.4400;17.4744;7.3906;14.0287;-21.8820
5.4500;17.5484;7.4027;13.8098;-21.8863
5.4600;17.6225;7.4148;13.5909;-21.8906
5.4700;17.6967;7.4269;13.3720;-21.8948
5.4800;17.7710;7.4389;13.1530;-21.8991
5.4900;17.8455;7.4509;12.9340;-21.9033
5.5000;17.9200;7.4628;12.7150;-21.9074
5.5100;17.9947;7.4748;12.4959;-21.9116
5.5200;18.0695;7.4867;12.2767;-21.9157
5.5300;18.1444;7.4985;12.0576;-21.9198
5.5400;18.2195;7.5104;11.8384;-21.9239
5.5500;18.2947;7.5222;11.6191;-21.9279
5.5600;18.3699;7.5339;11.3998;-21.9319
5.5700;18.4453;7.5457;11.1805;-21.9359
5.5800;18.5208;7.5574;10.9611;-21.9399
5.5900;18.5965;7.5690;10.7417;-21.9438
5.6000;18.6722;7.5807;10.5222;-21.9478
5.6100;18.7481;7.5923;10.3027;-21.9517
5.6200;18.8241;7.6038;10.0832;-21.9555
5.6300;18.9002;7.6154;9.8636;-21.9594
5.6400;18.9764;7.6269;9.6440;-21.9632
5.6500;19.0527;7.6383;9.4243;-21.9670
5.6600;19.1291;7.6498;9.2046;-21.9708
5.6700;19.2057;7.6612;8.9849;-21.9746
5.6800;19.2824;7.6725;8.7651;-21.9783
5.6900;19.3592;7.6839;8.5453;-21.9820
5.7000;19.4360;7.6952;8.3255;-21.9857
5.7100;19.5131;7.7064;8.1056;-21.9894
5.7200;19.5902;7.7177;7.8857;-21.9930
5.7300;19.6674;7.7289;7.6658;-21.9967
5.7400;19.7448;7.7400;7.4458;-22.0003
5.7500;19.8222;7.7512;7.2258;-22.0038
5.7600;19.8998;7.7623;7.0057;-22.0074
5.7700;19.9775;7.7733;6.7856;-22.0109
5.7800;20.0552;7.7844;6.5655;-22.0145
5.7900;20.1331;7.7954;6.3453;-22.0180
5.8000;20.2112;7.8064;6.1251;-22.0214
5.8100;20.2893;7.8173;5.9049;-22.0249
5.8200;20.3675;7.8282;5.6846;-22.0283
5.8300;20.4458;7.8391;5.4643;-22.0317
5.8400;20.5243;7.8499;5.2440;-22.0351
5.8500;20.6028;7.8607;5.0236;-22.0385
5.8600;20.6815;7.8715;4.8032;-22.0419
5.8700;20.7603;7.8823;4.5828;-22.0452
5.8800;20.8391;7.8930;4.3623;-22.0485
5.8900;20.9181;7.9037;4.1418;-22.0518
5.9000;20.9972;7.9143;3.9213;-22.0551
5.9100;21.0764;7.9249;3.7007;-22.0584
5.9200;21.1557;7.9355;3.4801;-22.0616
5.9300;21.2351;7.9461;3.2595;-22.0648
5.9400;21.3146;7.9566;3.0388;-22.0680
5.9500;21.3942;7.9671;2.8181;-22.0712
5.9600;21.4740;7.9775;2.5974;-22.0744
5.9700;21.5538;7.9880;2.3766;-22.0775
5.9800;21.6337;7.9983;2.1559;-22.0807
5.9900;21.7138;8.0087;1.9350;-22.0838
6.0000;21.7939;8.0190;1.7142;-22.0869
6.0100;21.8741;8.0293;1.4933;-22.0899
6.0200;21.9545;8.0396;1.2724;-22.0930
6.0300;22.0349;8.0498;1.0514;-22.0960
6.0400;22.1155;8.0600;0.8305;-22.0991
6.0500;22.1961;8.0702;0.6095;-22.1021
6.0600;22.2769;8.0803;0.3884;-22.1050
6.0700;22.3577;8.0904;0.1673;-22.1080
6.0800;22.4387;8.1005;-0.0537;-22.1110
6.0900;22.5198;8.1106;-0.2749;-22.1139
6.1000;22.6009;8.1206;-0.4960;-22.1168
